Price,Close,High,Low,Open,Volume
Ticker,ETH-USD,ETH-USD,ETH-USD,ETH-USD,ETH-USD
Datetime,,,,,
2026-01-14 00:00:00+00:00,3323.836181640625,3331.83740234375,3314.248291015625,3323.263671875,0
2026-01-14 01:00:00+00:00,3333.3125,3339.455078125,3320.349365234375,3322.611572265625,601020416
2026-01-14 02:00:00+00:00,3323.0205078125,3353.076416015625,3319.72412109375,3334.2392578125,1277984768
2026-01-14 03:00:00+00:00,3347.151611328125,3347.151611328125,3319.907958984375,3324.3525390625,1420156928
2026-01-14 04:00:00+00:00,3336.825927734375,3353.72607421875,3335.028564453125,3350.321533203125,1087717376
2026-01-14 05:00:00+00:00,3328.727783203125,3336.98583984375,3324.91162109375,3336.98583984375,0
2026-01-14 06:00:00+00:00,3331.81640625,3333.682861328125,3321.410400390625,3328.762451171875,363354112
2026-01-14 07:00:00+00:00,3333.45849609375,3339.485595703125,3326.294677734375,3332.021240234375,530544640
2026-01-14 08:00:00+00:00,3326.9052734375,3340.239990234375,3325.834228515625,3333.4990234375,0
2026-01-14 09:00:00+00:00,3325.782470703125,3333.057861328125,3323.477294921875,3326.349853515625,0
2026-01-14 10:00:00+00:00,3312.41552734375,3330.967529296875,3307.1572265625,3326.150634765625,632317952
2026-01-14 11:00:00+00:00,3282.48046875,3311.28271484375,3282.48046875,3311.28271484375,720166912
2026-01-14 12:00:00+00:00,3294.65478515625,3296.26806640625,3281.7197265625,3283.47216796875,446111744
2026-01-14 13:00:00+00:00,3300.42333984375,3304.23876953125,3288.999267578125,3294.587646484375,0
2026-01-14 14:00:00+00:00,3348.0380859375,3354.71533203125,3300.95361328125,3301.250244140625,902152192
2026-01-14 15:00:00+00:00,3344.540771484375,3359.92041015625,3329.556884765625,3347.33447265625,1029189632
2026-01-14 16:00:00+00:00,3368.241455078125,3391.49755859375,3344.38037109375,3344.38037109375,13017088
2026-01-14 17:00:00+00:00,3341.46826171875,3379.2177734375,3339.24755859375,3369.7021484375,1170444288
2026-01-14 18:00:00+00:00,3340.9208984375,3350.39599609375,3316.77685546875,3342.084228515625,808841216
2026-01-14 19:00:00+00:00,3364.776611328125,3389.095947265625,3332.914794921875,3339.408447265625,990535680
2026-01-14 20:00:00+00:00,3378.23876953125,3388.77197265625,3363.504150390625,3366.543701171875,444137472
2026-01-14 21:00:00+00:00,3365.966796875,3382.112548828125,3361.466552734375,3382.112548828125,0
2026-01-14 22:00:00+00:00,3350.15673828125,3373.49951171875,3348.345947265625,3371.392822265625,0
2026-01-14 23:00:00+00:00,3354.6728515625,3367.3330078125,3349.730712890625,3349.730712890625,0
2026-01-15 00:00:00+00:00,3329.710693359375,3354.8271484375,3326.4169921875,3354.8271484375,0
2026-01-15 01:00:00+00:00,3323.15234375,3341.498779296875,3320.203857421875,3330.309326171875,0
2026-01-15 02:00:00+00:00,3312.302001953125,3330.87841796875,3309.167236328125,3325.100830078125,0
2026-01-15 03:00:00+00:00,3286.70849609375,3318.31884765625,3278.92138671875,3313.258056640625,780580864
2026-01-15 04:00:00+00:00,3302.476318359375,3306.750732421875,3284.047119140625,3285.3779296875,0
2026-01-15 05:00:00+00:00,3311.52392578125,3313.668212890625,3302.87451171875,3302.87451171875,0
2026-01-15 06:00:00+00:00,3315.8935546875,3320.888427734375,3310.953369140625,3311.378662109375,0
2026-01-15 07:00:00+00:00,3327.466552734375,3333.174072265625,3314.297607421875,3315.7568359375,0
2026-01-15 08:00:00+00:00,3335.689453125,3336.114990234375,3320.2548828125,3328.045166015625,24438784
2026-01-15 09:00:00+00:00,3367.17333984375,3370.601318359375,3330.1318359375,3335.68701171875,297091072
2026-01-15 10:00:00+00:00,3363.36865234375,3372.6865234375,3357.450927734375,3364.95166015625,149446656
2026-01-15 11:00:00+00:00,3349.6767578125,3363.7919921875,3347.335205078125,3363.33544921875,0
2026-01-15 12:00:00+00:00,3368.1640625,3368.1640625,3343.987060546875,3348.79638671875,0
2026-01-15 13:00:00+00:00,3370.486572265625,3381.73095703125,3357.959716796875,3368.348388671875,185370624
2026-01-15 14:00:00+00:00,3340.79736328125,3379.977783203125,3324.467529296875,3369.9853515625,0
2026-01-15 15:00:00+00:00,3316.739990234375,3353.060546875,3286.486083984375,3341.322998046875,0
2026-01-15 16:00:00+00:00,3332.88818359375,3332.88818359375,3311.095947265625,3327.807373046875,0
2026-01-15 17:00:00+00:00,3304.694091796875,3334.301025390625,3301.75341796875,3330.1865234375,0
2026-01-15 18:00:00+00:00,3285.79296875,3303.291259765625,3280.26953125,3299.1123046875,294457344
2026-01-15 19:00:00+00:00,3292.256591796875,3296.336669921875,3277.814453125,3286.40869140625,0
2026-01-15 20:00:00+00:00,3284.2412109375,3304.005126953125,3277.148681640625,3293.001953125,0
2026-01-15 21:00:00+00:00,3298.0712890625,3303.406494140625,3283.848388671875,3285.48779296875,0
2026-01-15 22:00:00+00:00,3305.22607421875,3316.2158203125,3296.61083984375,3298.069580078125,0
2026-01-15 23:00:00+00:00,3316.51025390625,3320.035888671875,3302.270751953125,3308.170166015625,0
2026-01-16 00:00:00+00:00,3315.81103515625,3325.19482421875,3315.81103515625,3317.557373046875,0
2026-01-16 01:00:00+00:00,3313.74951171875,3317.901123046875,3302.091552734375,3315.886962890625,0
2026-01-16 02:00:00+00:00,3301.388427734375,3313.474609375,3292.7802734375,3313.474609375,0
2026-01-16 03:00:00+00:00,3294.90283203125,3305.795654296875,3294.90283203125,3301.532958984375,0
2026-01-16 04:00:00+00:00,3281.786865234375,3302.36669921875,3276.583251953125,3294.143310546875,84037632
2026-01-16 05:00:00+00:00,3308.265625,3311.426025390625,3283.69970703125,3286.541748046875,269293568
2026-01-16 06:00:00+00:00,3313.0703125,3315.33154296875,3301.786376953125,3308.051025390625,0
2026-01-16 07:00:00+00:00,3308.354736328125,3314.309326171875,3302.335205078125,3313.0234375,0
2026-01-16 08:00:00+00:00,3312.12353515625,3317.130126953125,3308.1708984375,3308.295654296875,0
2026-01-16 09:00:00+00:00,3307.778564453125,3314.2783203125,3307.57177734375,3311.451171875,0
2026-01-16 10:00:00+00:00,3295.94287109375,3306.865966796875,3293.935546875,3306.789306640625,0
2026-01-16 11:00:00+00:00,3300.4013671875,3304.034912109375,3294.134765625,3295.999267578125,0
2026-01-16 12:00:00+00:00,3305.861572265625,3312.510986328125,3300.308837890625,3300.78759765625,0
2026-01-16 13:00:00+00:00,3306.869384765625,3308.942626953125,3296.965087890625,3307.026123046875,0
2026-01-16 14:00:00+00:00,3292.852783203125,3311.10107421875,3292.852783203125,3306.529296875,0
2026-01-16 15:00:00+00:00,3263.950927734375,3308.326416015625,3253.92578125,3293.033447265625,711241728
2026-01-16 16:00:00+00:00,3276.943359375,3284.8740234375,3260.9443359375,3262.860595703125,386244608
2026-01-16 17:00:00+00:00,3280.21435546875,3282.277099609375,3265.990966796875,3277.48779296875,0
2026-01-16 18:00:00+00:00,3278.709716796875,3284.81396484375,3277.41943359375,3283.21044921875,0
2026-01-16 19:00:00+00:00,3273.367431640625,3277.1328125,3268.928466796875,3277.01220703125,0
2026-01-16 20:00:00+00:00,3289.365478515625,3290.055908203125,3263.956298828125,3274.509521484375,231022592
2026-01-16 21:00:00+00:00,3292.729248046875,3297.244140625,3287.82666015625,3292.45166015625,452935680
2026-01-16 22:00:00+00:00,3291.0361328125,3292.65283203125,3281.59375,3292.65283203125,0
2026-01-16 23:00:00+00:00,3295.744384765625,3297.966796875,3291.804931640625,3292.164306640625,0
2026-01-17 00:00:00+00:00,3291.20654296875,3295.07275390625,3289.381103515625,3294.87060546875,0
2026-01-17 01:00:00+00:00,3289.1875,3294.156982421875,3287.12646484375,3291.112060546875,0
2026-01-17 02:00:00+00:00,3290.3251953125,3290.408203125,3282.8017578125,3289.1328125,0
2026-01-17 03:00:00+00:00,3289.63330078125,3290.645263671875,3286.478759765625,3290.550537109375,0
2026-01-17 04:00:00+00:00,3290.92041015625,3290.92041015625,3284.955322265625,3288.68310546875,0
2026-01-17 05:00:00+00:00,3289.986083984375,3292.33154296875,3288.5087890625,3290.681640625,0
2026-01-17 06:00:00+00:00,3289.614501953125,3290.669189453125,3286.258544921875,3290.0859375,0
2026-01-17 07:00:00+00:00,3289.87158203125,3290.82568359375,3286.431884765625,3289.68408203125,0
2026-01-17 08:00:00+00:00,3294.62744140625,3294.715576171875,3288.67333984375,3289.6943359375,0
2026-01-17 09:00:00+00:00,3297.7060546875,3300.068603515625,3292.40283203125,3294.582763671875,73195520
2026-01-17 10:00:00+00:00,3294.93798828125,3298.931396484375,3294.23388671875,3297.56005859375,0
2026-01-17 11:00:00+00:00,3301.244873046875,3302.272705078125,3293.676025390625,3294.8291015625,0
2026-01-17 12:00:00+00:00,3301.46826171875,3303.46044921875,3299.231201171875,3301.1865234375,0
2026-01-17 13:00:00+00:00,3302.428955078125,3302.8818359375,3298.374267578125,3301.41357421875,0
2026-01-17 14:00:00+00:00,3308.1611328125,3308.816162109375,3300.577392578125,3302.46240234375,0
2026-01-17 15:00:00+00:00,3325.5322265625,3327.2470703125,3308.277587890625,3309.530517578125,0
2026-01-17 16:00:00+00:00,3317.843505859375,3326.282958984375,3312.17236328125,3324.941162109375,0
2026-01-17 17:00:00+00:00,3317.80078125,3325.239013671875,3316.37744140625,3317.828369140625,0
2026-01-17 18:00:00+00:00,3317.02001953125,3319.185791015625,3314.6484375,3318.068603515625,0
2026-01-17 19:00:00+00:00,3315.2412109375,3319.2734375,3313.659912109375,3316.825927734375,0
2026-01-17 20:00:00+00:00,3316.8125,3318.012451171875,3313.99755859375,3315.330078125,0
2026-01-17 21:00:00+00:00,3310.85986328125,3316.38427734375,3308.5673828125,3316.38427734375,0
2026-01-17 22:00:00+00:00,3304.6875,3311.67138671875,3297.846435546875,3311.3798828125,0
2026-01-17 23:00:00+00:00,3308.698486328125,3308.698486328125,3301.16650390625,3301.16650390625,0
2026-01-18 00:00:00+00:00,3303.572265625,3312.75341796875,3302.236328125,3309.15966796875,0
2026-01-18 01:00:00+00:00,3299.79150390625,3304.9921875,3296.29150390625,3303.23779296875,5565440
2026-01-18 02:00:00+00:00,3302.015625,3304.00830078125,3296.135986328125,3299.6767578125,0
2026-01-18 03:00:00+00:00,3314.905517578125,3316.25244140625,3301.89892578125,3301.89892578125,79418368
2026-01-18 04:00:00+00:00,3310.89794921875,3316.183837890625,3309.15478515625,3313.778076171875,0
2026-01-18 05:00:00+00:00,3315.604736328125,3316.1923828125,3309.904541015625,3310.8193359375,84677632
2026-01-18 06:00:00+00:00,3313.763427734375,3316.004150390625,3310.818359375,3314.401611328125,108407808
2026-01-18 07:00:00+00:00,3306.2451171875,3314.027099609375,3305.496826171875,3314.027099609375,137193472
2026-01-18 08:00:00+00:00,3314.46923828125,3314.629638671875,3303.18212890625,3306.1513671875,60659712
2026-01-18 09:00:00+00:00,3322.822265625,3322.881591796875,3313.9580078125,3314.226806640625,192417792
2026-01-18 10:00:00+00:00,3324.519775390625,3324.519775390625,3317.556640625,3322.118896484375,229490688
2026-01-18 11:00:00+00:00,3320.80029296875,3324.34033203125,3318.174560546875,3324.34033203125,0
2026-01-18 12:00:00+00:00,3320.937744140625,3324.43212890625,3317.9560546875,3320.85888671875,64934912
2026-01-18 13:00:00+00:00,3324.561767578125,3327.71875,3313.777587890625,3321.36328125,308587520
2026-01-18 14:00:00+00:00,3322.612060546875,3341.473388671875,3322.612060546875,3324.882568359375,624224256
2026-01-18 15:00:00+00:00,3332.771240234375,3333.989013671875,3320.372314453125,3323.817626953125,0
2026-01-18 16:00:00+00:00,3334.073974609375,3336.35205078125,3329.492919921875,3332.6591796875,0
2026-01-18 17:00:00+00:00,3336.844482421875,3336.876708984375,3332.71337890625,3333.454345703125,0
2026-01-18 18:00:00+00:00,3362.475830078125,3366.622314453125,3338.34326171875,3343.690673828125,686107648
2026-01-18 19:00:00+00:00,3344.921630859375,3363.3798828125,3344.672119140625,3360.56982421875,321294336
2026-01-18 20:00:00+00:00,3339.60107421875,3350.87109375,3339.046875,3345.279296875,193688576
2026-01-18 21:00:00+00:00,3340.423583984375,3343.877197265625,3336.228759765625,3339.988525390625,0
2026-01-18 22:00:00+00:00,3348.71044921875,3352.918212890625,3339.48681640625,3340.365966796875,0
2026-01-18 23:00:00+00:00,3280.012939453125,3347.87548828125,3280.012939453125,3347.174072265625,1788262400
2026-01-19 00:00:00+00:00,3211.415283203125,3282.393798828125,3183.329833984375,3282.393798828125,5645550592
2026-01-19 01:00:00+00:00,3204.53515625,3218.7578125,3195.149658203125,3211.9990234375,1414035456
2026-01-19 02:00:00+00:00,3204.02197265625,3213.53662109375,3195.7509765625,3205.262451171875,1013037056
2026-01-19 03:00:00+00:00,3210.94677734375,3211.389404296875,3197.70068359375,3203.842041015625,606130176
2026-01-19 04:00:00+00:00,3212.194580078125,3215.2255859375,3204.738525390625,3210.911376953125,1067241472
2026-01-19 05:00:00+00:00,3202.26708984375,3213.300537109375,3196.078857421875,3211.478759765625,1140844544
2026-01-19 06:00:00+00:00,3192.9228515625,3202.788330078125,3189.789306640625,3202.014404296875,668733440
2026-01-19 07:00:00+00:00,3206.5185546875,3207.04736328125,3194.010986328125,3194.010986328125,346142720
2026-01-19 08:00:00+00:00,3214.297119140625,3218.822021484375,3197.561767578125,3206.067138671875,776771584
2026-01-19 09:00:00+00:00,3207.26123046875,3213.151123046875,3205.622314453125,3213.151123046875,0
2026-01-19 10:00:00+00:00,3213.175537109375,3213.950927734375,3204.654052734375,3207.283203125,0
2026-01-19 11:00:00+00:00,3222.0322265625,3228.09130859375,3212.001220703125,3213.308837890625,1493448704
2026-01-19 12:00:00+00:00,3222.927001953125,3232.4033203125,3218.88427734375,3222.147216796875,1116135424
2026-01-19 13:00:00+00:00,3216.822509765625,3223.268310546875,3212.883056640625,3223.268310546875,19726336
2026-01-19 14:00:00+00:00,3211.11962890625,3216.982177734375,3206.414306640625,3216.735107421875,0
2026-01-19 15:00:00+00:00,3215.538330078125,3218.689453125,3209.781982421875,3211.35302734375,124715008
2026-01-19 16:00:00+00:00,3222.271484375,3223.208984375,3212.16748046875,3214.530517578125,216371200
2026-01-19 17:00:00+00:00,3218.1884765625,3223.737548828125,3216.427001953125,3222.0576171875,106901504
2026-01-19 18:00:00+00:00,3213.193115234375,3219.422119140625,3207.635498046875,3218.409423828125,0
2026-01-19 19:00:00+00:00,3218.0546875,3222.380126953125,3212.998046875,3212.998046875,0
2026-01-19 20:00:00+00:00,3214.4091796875,3222.42333984375,3211.742431640625,3217.97021484375,118020096
2026-01-19 21:00:00+00:00,3211.867919921875,3218.1728515625,3210.264892578125,3213.37255859375,96790528
2026-01-19 22:00:00+00:00,3190.940673828125,3212.387451171875,3190.940673828125,3211.4228515625,281165824
2026-01-19 23:00:00+00:00,3185.94482421875,3193.308837890625,3166.9091796875,3186.592529296875,0
2026-01-20 00:00:00+00:00,3181.721923828125,3197.004638671875,3175.085693359375,3186.9599609375,0
2026-01-20 01:00:00+00:00,3193.341552734375,3195.71875,3175.94189453125,3182.39501953125,0
2026-01-20 02:00:00+00:00,3190.671142578125,3196.1552734375,3178.899658203125,3191.055419921875,0
2026-01-20 03:00:00+00:00,3185.32421875,3191.0048828125,3182.6181640625,3191.0048828125,0
2026-01-20 04:00:00+00:00,3169.426025390625,3186.506591796875,3168.8515625,3185.823974609375,0
2026-01-20 05:00:00+00:00,3170.16748046875,3171.74169921875,3153.760009765625,3169.916259765625,60389376
2026-01-20 06:00:00+00:00,3111.99267578125,3168.8896484375,3109.28369140625,3168.8896484375,795770880
2026-01-20 07:00:00+00:00,3121.391357421875,3126.979736328125,3112.261962890625,3113.439208984375,887666688
2026-01-20 08:00:00+00:00,3101.747802734375,3121.374267578125,3085.685791015625,3121.374267578125,580231168
2026-01-20 09:00:00+00:00,3090.81298828125,3103.3623046875,3087.76611328125,3103.3623046875,678162432
2026-01-20 10:00:00+00:00,3100.61279296875,3104.60595703125,3087.97802734375,3090.712646484375,290129920
2026-01-20 11:00:00+00:00,3107.2080078125,3109.629638671875,3100.157470703125,3100.157470703125,0
2026-01-20 12:00:00+00:00,3108.41650390625,3110.831787109375,3100.29248046875,3106.594970703125,0
2026-01-20 13:00:00+00:00,3076.6298828125,3109.10546875,3075.242919921875,3108.641845703125,585129984
2026-01-20 14:00:00+00:00,3046.293212890625,3085.21533203125,3038.634765625,3076.353271484375,2256209920
2026-01-20 15:00:00+00:00,3024.935302734375,3046.04248046875,2998.335205078125,3044.842041015625,2698803200
2026-01-20 16:00:00+00:00,3006.839111328125,3035.4677734375,2998.384765625,3029.68359375,1085202432
2026-01-20 17:00:00+00:00,2997.13623046875,3018.1162109375,2984.223388671875,3006.336669921875,831488000
2026-01-20 18:00:00+00:00,2989.925537109375,3003.94482421875,2987.380126953125,2997.332763671875,678158336
2026-01-20 19:00:00+00:00,2991.9599609375,2997.97265625,2980.40966796875,2989.702392578125,965386240
2026-01-20 20:00:00+00:00,2996.720703125,3000.656005859375,2982.5908203125,2992.3818359375,435603456
2026-01-20 21:00:00+00:00,2990.805908203125,3001.830078125,2986.6728515625,3001.27587890625,330287104
2026-01-20 22:00:00+00:00,2946.0234375,2993.60888671875,2932.468994140625,2990.792724609375,1175828480
2026-01-20 23:00:00+00:00,2936.596923828125,2948.60791015625,2929.947998046875,2946.468017578125,80873472
2026-01-21 00:00:00+00:00,2958.314208984375,2964.739501953125,2921.62841796875,2936.23193359375,627355648
2026-01-21 01:00:00+00:00,2962.586181640625,2969.475830078125,2952.949462890625,2956.637939453125,275226624
2026-01-21 02:00:00+00:00,2958.6953125,2970.264892578125,2955.110595703125,2961.79150390625,78688256
2026-01-21 03:00:00+00:00,2977.99609375,2979.224365234375,2958.001708984375,2958.001708984375,222902272
2026-01-21 04:00:00+00:00,2977.78173828125,2981.18994140625,2972.3759765625,2977.99609375,32417792
2026-01-21 05:00:00+00:00,2988.97265625,2997.038818359375,2974.7890625,2976.735107421875,0
2026-01-21 06:00:00+00:00,2975.861572265625,2990.097412109375,2973.2998046875,2989.97900390625,0
2026-01-21 07:00:00+00:00,2965.843994140625,2981.68798828125,2963.857666015625,2976.939453125,0
2026-01-21 08:00:00+00:00,2962.2548828125,2970.13232421875,2954.8583984375,2967.681396484375,0
2026-01-21 09:00:00+00:00,2948.666259765625,2970.813232421875,2948.666259765625,2962.036376953125,0
2026-01-21 10:00:00+00:00,2961.5146484375,2966.224609375,2950.372802734375,2950.542236328125,0
2026-01-21 11:00:00+00:00,2940.113525390625,2967.529296875,2940.113525390625,2961.06787109375,0
2026-01-21 12:00:00+00:00,2927.639892578125,2941.706787109375,2902.169921875,2940.58837890625,3056087040
2026-01-21 13:00:00+00:00,2929.366943359375,2941.682861328125,2919.31884765625,2928.130126953125,0
2026-01-21 14:00:00+00:00,2983.14892578125,2988.3828125,2922.16845703125,2927.20703125,904409088
2026-01-21 15:00:00+00:00,3001.427490234375,3018.67431640625,2975.773681640625,2978.689453125,0
2026-01-21 16:00:00+00:00,2896.14599609375,3000.5361328125,2887.6201171875,2999.651611328125,227160064
2026-01-21 17:00:00+00:00,2901.942138671875,2907.908203125,2867.264404296875,2889.84375,2175123456
2026-01-21 18:00:00+00:00,2925.15673828125,2928.841796875,2888.333251953125,2901.609130859375,182020096
2026-01-21 19:00:00+00:00,3054.079833984375,3063.312255859375,2915.209716796875,2924.443359375,2747316224
2026-01-21 20:00:00+00:00,3029.564208984375,3052.4228515625,3002.861083984375,3052.4228515625,1004654592
2026-01-21 21:00:00+00:00,3031.85546875,3038.01806640625,3021.364501953125,3027.966552734375,298991616
2026-01-21 22:00:00+00:00,3009.93896484375,3041.713134765625,3009.306396484375,3029.866943359375,0
2026-01-21 23:00:00+00:00,2978.6962890625,3020.150390625,2972.14306640625,3008.771728515625,0
2026-01-22 00:00:00+00:00,3002.58984375,3007.111572265625,2979.63525390625,2979.63525390625,0
2026-01-22 01:00:00+00:00,3026.40576171875,3027.7177734375,3001.745849609375,3002.677734375,0
2026-01-22 02:00:00+00:00,3015.783203125,3034.338134765625,3013.79052734375,3025.89306640625,0
2026-01-22 03:00:00+00:00,3011.087158203125,3026.958740234375,3001.01513671875,3015.4697265625,642619392
2026-01-22 04:00:00+00:00,3021.137451171875,3021.137451171875,3008.999755859375,3010.37451171875,0
2026-01-22 05:00:00+00:00,3013.295166015625,3022.951416015625,3012.404296875,3020.3173828125,0
2026-01-22 06:00:00+00:00,3017.115478515625,3023.0380859375,3007.193359375,3016.44384765625,381892608
2026-01-22 07:00:00+00:00,2998.20849609375,3017.842529296875,2998.20849609375,3016.191162109375,0
2026-01-22 08:00:00+00:00,3002.08642578125,3004.44921875,2991.32470703125,2998.224365234375,0
2026-01-22 09:00:00+00:00,3011.42333984375,3013.04736328125,3000.917724609375,3001.905029296875,634511360
2026-01-22 10:00:00+00:00,3001.306640625,3011.765380859375,2997.89501953125,3011.25439453125,202883072
2026-01-22 11:00:00+00:00,2983.9384765625,3003.2783203125,2977.3857421875,3001.130126953125,166379520
2026-01-22 12:00:00+00:00,2987.35205078125,2993.553955078125,2978.41943359375,2983.941162109375,0
2026-01-22 13:00:00+00:00,2968.935302734375,3003.057861328125,2962.659423828125,2989.048583984375,304683008
2026-01-22 14:00:00+00:00,2938.2578125,2977.87158203125,2936.975341796875,2969.985595703125,0
2026-01-22 15:00:00+00:00,2940.91845703125,2960.757080078125,2905.562744140625,2938.9638671875,0
2026-01-22 16:00:00+00:00,2942.6845703125,2952.752197265625,2925.73828125,2941.138916015625,0
2026-01-22 17:00:00+00:00,2957.593017578125,2957.678466796875,2933.797119140625,2943.70458984375,0
2026-01-22 18:00:00+00:00,2935.83203125,2965.281005859375,2935.83203125,2958.954345703125,0
2026-01-22 19:00:00+00:00,2951.595703125,2958.51953125,2930.2314453125,2936.43310546875,0
2026-01-22 20:00:00+00:00,2936.1787109375,2953.491455078125,2929.087158203125,2951.38671875,0
2026-01-22 21:00:00+00:00,2942.28564453125,2946.9970703125,2932.438232421875,2940.195068359375,0
2026-01-22 22:00:00+00:00,2948.1484375,2953.580078125,2942.049560546875,2942.615234375,0
2026-01-22 23:00:00+00:00,2949.58056640625,2953.049072265625,2938.5302734375,2946.0908203125,0
2026-01-23 00:00:00+00:00,2950.7861328125,2953.054443359375,2945.209228515625,2949.41748046875,0
2026-01-23 01:00:00+00:00,2964.78369140625,2965.197265625,2950.105224609375,2950.105224609375,0
2026-01-23 02:00:00+00:00,2951.331787109375,2966.02197265625,2951.21044921875,2966.02197265625,0
2026-01-23 03:00:00+00:00,2960.040283203125,2961.9345703125,2949.54296875,2950.24365234375,0
2026-01-23 04:00:00+00:00,2977.571533203125,2979.115234375,2959.85009765625,2960.37841796875,5591040
2026-01-23 05:00:00+00:00,2965.036865234375,2975.935791015625,2962.711669921875,2975.935791015625,302739456
2026-01-23 06:00:00+00:00,2936.41357421875,2971.10791015625,2935.650634765625,2965.509765625,116543488
2026-01-23 07:00:00+00:00,2945.063720703125,2946.84619140625,2933.950927734375,2935.762451171875,398340096
2026-01-23 08:00:00+00:00,2924.12060546875,2946.239013671875,2919.328369140625,2945.101318359375,173621248
2026-01-23 09:00:00+00:00,2917.021240234375,2930.154296875,2912.80224609375,2924.073974609375,416696320
2026-01-23 10:00:00+00:00,2926.905517578125,2929.830078125,2913.49755859375,2917.2626953125,0
2026-01-23 11:00:00+00:00,2935.152587890625,2941.50244140625,2925.741943359375,2927.2080078125,0
2026-01-23 12:00:00+00:00,2932.373291015625,2936.7255859375,2926.768798828125,2936.7255859375,0
2026-01-23 13:00:00+00:00,2926.5244140625,2939.054931640625,2925.483154296875,2931.497314453125,0
2026-01-23 14:00:00+00:00,2913.327880859375,2937.105224609375,2893.209228515625,2927.04150390625,0
2026-01-23 15:00:00+00:00,2946.415283203125,2955.408447265625,2901.669921875,2912.574951171875,0
2026-01-23 16:00:00+00:00,2964.290771484375,2974.024169921875,2939.537353515625,2948.543212890625,0
2026-01-23 17:00:00+00:00,2983.4560546875,3013.9541015625,2958.087890625,2963.60791015625,1782798336
2026-01-23 18:00:00+00:00,2987.438232421875,3002.8251953125,2977.812255859375,2983.592041015625,247699456
2026-01-23 19:00:00+00:00,2955.701416015625,2985.068359375,2947.688720703125,2985.068359375,32983040
2026-01-23 20:00:00+00:00,2941.109130859375,2958.3203125,2928.576171875,2955.633544921875,530905088
2026-01-23 21:00:00+00:00,2940.634033203125,2948.643310546875,2936.48193359375,2936.48193359375,107900928
2026-01-23 22:00:00+00:00,2956.97802734375,2957.203857421875,2940.730224609375,2940.730224609375,0
2026-01-23 23:00:00+00:00,2953.62158203125,2956.359375,2948.5869140625,2956.359375,0
2026-01-24 00:00:00+00:00,2948.590576171875,2953.91748046875,2946.25341796875,2952.7431640625,0
2026-01-24 01:00:00+00:00,2951.22021484375,2954.90478515625,2946.8349609375,2946.8349609375,0
2026-01-24 02:00:00+00:00,2954.762939453125,2956.930419921875,2951.47412109375,2951.729248046875,0
2026-01-24 03:00:00+00:00,2958.4296875,2965.26123046875,2954.252197265625,2954.828369140625,162453504
2026-01-24 04:00:00+00:00,2959.24169921875,2961.791259765625,2955.85791015625,2958.311279296875,0
2026-01-24 05:00:00+00:00,2955.725341796875,2961.068115234375,2954.3203125,2959.147216796875,0
2026-01-24 06:00:00+00:00,2957.44677734375,2959.089111328125,2955.00732421875,2956.191650390625,0
2026-01-24 07:00:00+00:00,2953.38330078125,2957.387451171875,2950.94677734375,2957.387451171875,0
2026-01-24 08:00:00+00:00,2957.50927734375,2957.50927734375,2951.415283203125,2953.534912109375,0
2026-01-24 09:00:00+00:00,2956.081787109375,2959.79736328125,2955.846923828125,2957.63427734375,0
2026-01-24 10:00:00+00:00,2957.098876953125,2957.277099609375,2954.6328125,2956.057373046875,0
2026-01-24 11:00:00+00:00,2956.64453125,2959.5830078125,2956.64453125,2957.093994140625,0
2026-01-24 12:00:00+00:00,2958.12744140625,2958.8916015625,2955.036865234375,2956.37060546875,0
2026-01-24 13:00:00+00:00,2955.504638671875,2958.667236328125,2955.408935546875,2958.055908203125,0
2026-01-24 14:00:00+00:00,2954.761474609375,2955.04931640625,2943.447021484375,2951.16650390625,0
2026-01-24 15:00:00+00:00,2951.504150390625,2962.66650390625,2951.504150390625,2954.90869140625,0
2026-01-24 16:00:00+00:00,2954.418701171875,2956.60888671875,2948.413818359375,2952.74560546875,0
2026-01-24 17:00:00+00:00,2959.322509765625,2960.06689453125,2953.82666015625,2954.32177734375,0
2026-01-24 18:00:00+00:00,2959.381103515625,2963.276611328125,2958.18310546875,2959.197021484375,0
2026-01-24 19:00:00+00:00,2950.67041015625,2959.256591796875,2949.366455078125,2959.256591796875,0
2026-01-24 20:00:00+00:00,2952.1396484375,2953.81884765625,2949.323974609375,2949.733642578125,0
2026-01-24 21:00:00+00:00,2952.142822265625,2952.142822265625,2946.234619140625,2952.112060546875,0
2026-01-24 22:00:00+00:00,2956.851318359375,2959.389404296875,2953.12109375,2953.12109375,0
2026-01-24 23:00:00+00:00,2948.48046875,2959.63720703125,2948.48046875,2958.0595703125,0
2026-01-25 00:00:00+00:00,2953.735107421875,2953.735107421875,2948.65283203125,2948.65283203125,0
2026-01-25 01:00:00+00:00,2950.361328125,2954.96044921875,2945.71337890625,2954.11376953125,76206080
2026-01-25 02:00:00+00:00,2949.04296875,2952.71826171875,2948.6708984375,2950.4658203125,0
2026-01-25 03:00:00+00:00,2938.7080078125,2949.701416015625,2934.318115234375,2948.716552734375,0
2026-01-25 04:00:00+00:00,2942.110107421875,2944.2548828125,2937.062744140625,2938.48095703125,191442432
2026-01-25 05:00:00+00:00,2942.80615234375,2943.78173828125,2938.182373046875,2940.93359375,47011328
2026-01-25 06:00:00+00:00,2939.370361328125,2942.661865234375,2932.1650390625,2942.661865234375,121939968
2026-01-25 07:00:00+00:00,2934.908935546875,2939.337646484375,2934.58935546875,2939.337646484375,0
2026-01-25 08:00:00+00:00,2926.61865234375,2939.6787109375,2922.491943359375,2935.078857421875,397803520
2026-01-25 09:00:00+00:00,2931.26318359375,2934.39111328125,2923.56591796875,2926.06103515625,113028608
2026-01-25 10:00:00+00:00,2940.928955078125,2942.464599609375,2931.230712890625,2931.230712890625,464528896
2026-01-25 11:00:00+00:00,2932.469482421875,2940.794189453125,2928.0869140625,2940.794189453125,245733376
2026-01-25 12:00:00+00:00,2937.9306640625,2938.394287109375,2928.83642578125,2932.781494140625,172613632
2026-01-25 13:00:00+00:00,2938.421630859375,2940.121826171875,2932.154296875,2937.9189453125,182955008
2026-01-25 14:00:00+00:00,2928.999755859375,2938.2109375,2921.921630859375,2938.2109375,67320832
2026-01-25 15:00:00+00:00,2921.63916015625,2930.738525390625,2919.6728515625,2928.77783203125,0
2026-01-25 16:00:00+00:00,2893.77099609375,2922.57470703125,2878.46337890625,2922.57470703125,2301444096
2026-01-25 17:00:00+00:00,2880.1357421875,2893.1044921875,2877.380615234375,2893.048828125,383022080
2026-01-25 18:00:00+00:00,2845.67578125,2883.92431640625,2831.651123046875,2880.314208984375,2320598016
2026-01-25 19:00:00+00:00,2810.1083984375,2849.15185546875,2799.777099609375,2845.16162109375,2059327488
2026-01-25 20:00:00+00:00,2806.2587890625,2816.74755859375,2786.725341796875,2809.589111328125,2163987456
2026-01-25 21:00:00+00:00,2815.724609375,2820.458251953125,2803.497802734375,2812.919189453125,1254871040
2026-01-25 22:00:00+00:00,2801.603515625,2815.454345703125,2788.183349609375,2815.454345703125,1241792512
2026-01-25 23:00:00+00:00,2815.14404296875,2817.320556640625,2785.896728515625,2803.12060546875,1114122240
2026-01-26 00:00:00+00:00,2837.65185546875,2840.06689453125,2813.182373046875,2815.301513671875,1301995520
2026-01-26 01:00:00+00:00,2877.47802734375,2892.1875,2836.257568359375,2838.72900390625,1569007616
2026-01-26 02:00:00+00:00,2860.8251953125,2880.468994140625,2860.8251953125,2878.766357421875,942215168
2026-01-26 03:00:00+00:00,2843.313720703125,2866.519287109375,2838.3935546875,2861.380126953125,524509184
2026-01-26 04:00:00+00:00,2861.52783203125,2870.080322265625,2845.724853515625,2845.724853515625,354379776
2026-01-26 05:00:00+00:00,2867.00830078125,2867.78662109375,2857.218017578125,2861.8544921875,1202233344
2026-01-26 06:00:00+00:00,2887.700439453125,2887.700439453125,2864.166259765625,2866.75537109375,730214400
2026-01-26 07:00:00+00:00,2900.336669921875,2902.778564453125,2886.727294921875,2887.8564453125,838643712
2026-01-26 08:00:00+00:00,2908.876953125,2918.569580078125,2895.21240234375,2900.044189453125,1111093248
2026-01-26 09:00:00+00:00,2882.495361328125,2908.86962890625,2879.006591796875,2908.86962890625,362213376
2026-01-26 10:00:00+00:00,2893.23193359375,2898.020263671875,2882.6943359375,2882.6943359375,371386368
2026-01-26 11:00:00+00:00,2889.08642578125,2896.97802734375,2887.293212890625,2893.116943359375,361125888
2026-01-26 12:00:00+00:00,2898.58251953125,2908.974853515625,2889.065673828125,2889.065673828125,253335552
2026-01-26 13:00:00+00:00,2906.857666015625,2906.914794921875,2896.0341796875,2899.173095703125,243478528
2026-01-26 14:00:00+00:00,2923.01513671875,2924.912353515625,2877.975830078125,2906.59814453125,2306842624
2026-01-26 15:00:00+00:00,2897.884521484375,2944.810546875,2888.3037109375,2920.890869140625,1992445952
2026-01-26 16:00:00+00:00,2900.053955078125,2913.430419921875,2890.04052734375,2896.220703125,0
2026-01-26 17:00:00+00:00,2906.47705078125,2910.904296875,2885.574462890625,2898.7236328125,293748736
2026-01-26 18:00:00+00:00,2928.23388671875,2928.23388671875,2906.479248046875,2906.479248046875,0
2026-01-26 19:00:00+00:00,2919.920654296875,2930.965576171875,2916.86083984375,2928.80322265625,0
2026-01-26 20:00:00+00:00,2897.830322265625,2925.949951171875,2895.781005859375,2919.67236328125,0
2026-01-26 21:00:00+00:00,2926.148681640625,2937.71923828125,2894.0146484375,2897.806640625,0
2026-01-26 22:00:00+00:00,2923.137939453125,2932.136962890625,2916.96142578125,2926.096435546875,0
2026-01-26 23:00:00+00:00,2927.320556640625,2940.472900390625,2917.0517578125,2920.47607421875,0
2026-01-27 00:00:00+00:00,2916.8349609375,2925.83984375,2915.322265625,2923.72900390625,0
2026-01-27 01:00:00+00:00,2928.278564453125,2935.337646484375,2909.979736328125,2917.54443359375,0
2026-01-27 02:00:00+00:00,2941.035400390625,2941.163818359375,2928.643310546875,2928.643310546875,0
2026-01-27 03:00:00+00:00,2937.344970703125,2943.736083984375,2934.312744140625,2941.906982421875,0
2026-01-27 04:00:00+00:00,2937.0185546875,2949.443359375,2934.5478515625,2937.496337890625,0
2026-01-27 05:00:00+00:00,2935.389404296875,2937.905517578125,2930.427978515625,2937.01123046875,0
2026-01-27 06:00:00+00:00,2924.531982421875,2938.10693359375,2921.3759765625,2935.494873046875,0
2026-01-27 07:00:00+00:00,2924.076416015625,2933.3662109375,2924.076416015625,2924.95263671875,0
2026-01-27 08:00:00+00:00,2920.17919921875,2928.65283203125,2917.1357421875,2925.0478515625,0
2026-01-27 09:00:00+00:00,2904.30712890625,2919.5234375,2904.1748046875,2919.5234375,0
2026-01-27 10:00:00+00:00,2899.26513671875,2910.555419921875,2898.4931640625,2903.94482421875,575707136
2026-01-27 11:00:00+00:00,2913.662109375,2917.778076171875,2898.51708984375,2899.541259765625,0
2026-01-27 12:00:00+00:00,2912.8505859375,2922.539306640625,2912.6025390625,2913.144775390625,0
2026-01-27 13:00:00+00:00,2907.791259765625,2914.6123046875,2903.136962890625,2914.019287109375,0
2026-01-27 14:00:00+00:00,2915.189208984375,2937.58837890625,2905.74755859375,2908.29931640625,0
2026-01-27 15:00:00+00:00,2934.16796875,2934.16796875,2912.815673828125,2913.917236328125,0
2026-01-27 16:00:00+00:00,2986.677001953125,2991.231201171875,2933.62890625,2933.62890625,1618397184
2026-01-27 17:00:00+00:00,2924.962158203125,2987.936767578125,2917.542724609375,2986.8134765625,594944000
2026-01-27 18:00:00+00:00,2977.87109375,2983.322021484375,2923.629150390625,2926.20751953125,0
2026-01-27 19:00:00+00:00,2975.71630859375,2986.180908203125,2962.68603515625,2974.156494140625,661317632
2026-01-27 20:00:00+00:00,3017.7705078125,3021.516357421875,2975.8740234375,2976.07421875,1266651136
2026-01-27 21:00:00+00:00,3011.4140625,3025.1435546875,3004.316162109375,3018.701171875,37601280
2026-01-27 22:00:00+00:00,3016.22998046875,3017.468505859375,3001.580078125,3011.310791015625,684275712
2026-01-27 23:00:00+00:00,3023.343994140625,3030.765869140625,3008.024658203125,3015.481201171875,947230720
2026-01-28 00:00:00+00:00,3018.37548828125,3024.519775390625,3011.855224609375,3022.494873046875,0
2026-01-28 01:00:00+00:00,3014.969970703125,3021.164306640625,3005.015869140625,3020.054931640625,0
2026-01-28 02:00:00+00:00,3005.173828125,3014.281982421875,3002.187744140625,3014.281982421875,0
2026-01-28 03:00:00+00:00,3001.3017578125,3006.646484375,2993.48828125,3005.577392578125,0
2026-01-28 04:00:00+00:00,2995.655029296875,3002.241455078125,2989.794189453125,3000.863525390625,0
2026-01-28 05:00:00+00:00,2999.318115234375,3003.244873046875,2992.84521484375,2994.9033203125,0
2026-01-28 06:00:00+00:00,3011.076171875,3012.733154296875,3000.01806640625,3000.01806640625,0
2026-01-28 07:00:00+00:00,3000.596435546875,3010.81005859375,2998.628662109375,3010.291015625,113301504
2026-01-28 08:00:00+00:00,2985.941650390625,3001.29833984375,2985.431396484375,3000.455078125,227014656
2026-01-28 09:00:00+00:00,3006.728515625,3009.37646484375,2983.227783203125,2986.591552734375,6322176
2026-01-28 10:00:00+00:00,3022.416015625,3026.383544921875,3009.837890625,3011.4453125,268519424
2026-01-28 11:00:00+00:00,3036.20703125,3040.244384765625,3013.1279296875,3021.889892578125,192937984
2026-01-28 12:00:00+00:00,3027.295166015625,3036.021484375,3021.046630859375,3036.021484375,297510912
2026-01-28 13:00:00+00:00,3029.42626953125,3038.55322265625,3025.607177734375,3026.85986328125,740597760
2026-01-28 14:00:00+00:00,3009.388671875,3029.992431640625,3005.657470703125,3029.992431640625,0
2026-01-28 15:00:00+00:00,3005.01513671875,3014.379638671875,2986.56201171875,3008.90625,270729216
2026-01-28 16:00:00+00:00,2997.9365234375,3013.143798828125,2993.240966796875,3004.1494140625,0
2026-01-28 17:00:00+00:00,3015.08740234375,3022.460205078125,2991.0634765625,2995.927490234375,0
2026-01-28 18:00:00+00:00,3010.833251953125,3019.9052734375,2998.864013671875,3002.11669921875,0
2026-01-28 19:00:00+00:00,3018.49560546875,3018.49560546875,2995.101806640625,3011.13916015625,685645824
2026-01-28 20:00:00+00:00,3011.856201171875,3025.945068359375,3005.470703125,3014.796875,0
2026-01-28 21:00:00+00:00,3014.8408203125,3017.4658203125,2995.193603515625,3009.61376953125,0
2026-01-28 22:00:00+00:00,3014.81884765625,3021.623046875,3004.4658203125,3018.32861328125,0
2026-01-28 23:00:00+00:00,3007.400146484375,3016.349853515625,3005.22216796875,3014.429443359375,0
2026-01-29 00:00:00+00:00,3004.06494140625,3007.909423828125,2994.0029296875,3007.909423828125,150362112
2026-01-29 01:00:00+00:00,2988.78173828125,3005.957763671875,2984.43798828125,3004.531005859375,172249088
2026-01-29 02:00:00+00:00,2953.358154296875,2994.240966796875,2944.902587890625,2989.065673828125,1086517248
2026-01-29 03:00:00+00:00,2948.854248046875,2966.68017578125,2944.9599609375,2952.47021484375,492316672
2026-01-29 04:00:00+00:00,2955.463623046875,2955.463623046875,2936.982177734375,2947.980712890625,269398016
2026-01-29 05:00:00+00:00,2945.254150390625,2960.068359375,2944.28369140625,2955.309326171875,0
2026-01-29 06:00:00+00:00,2951.052001953125,2954.78125,2948.1240234375,2948.1240234375,0
2026-01-29 07:00:00+00:00,2959.08447265625,2959.91357421875,2951.5380859375,2951.5400390625,0
2026-01-29 08:00:00+00:00,2948.337158203125,2962.543701171875,2940.0634765625,2956.8671875,472635392
2026-01-29 09:00:00+00:00,2940.38134765625,2950.251708984375,2940.20361328125,2948.133056640625,0
2026-01-29 10:00:00+00:00,2939.673828125,2943.898681640625,2937.896484375,2938.9150390625,0
2026-01-29 11:00:00+00:00,2925.728515625,2939.7626953125,2920.74658203125,2939.7626953125,265275392
2026-01-29 12:00:00+00:00,2931.34716796875,2932.973388671875,2923.09375,2926.74609375,0
2026-01-29 13:00:00+00:00,2929.777099609375,2933.7548828125,2928.107177734375,2931.831298828125,0
2026-01-29 14:00:00+00:00,2874.865478515625,2931.974853515625,2874.865478515625,2930.9375,83636224
2026-01-29 15:00:00+00:00,2818.19140625,2872.760009765625,2794.35595703125,2872.760009765625,3687825408
2026-01-29 16:00:00+00:00,2828.236572265625,2828.236572265625,2800.604736328125,2819.64697265625,2606290944
2026-01-29 17:00:00+00:00,2818.57373046875,2853.162353515625,2816.981201171875,2830.440673828125,2197129216
2026-01-29 18:00:00+00:00,2762.312255859375,2829.509033203125,2756.639892578125,2820.342041015625,2353803264
2026-01-29 19:00:00+00:00,2795.3818359375,2801.670166015625,2756.6572265625,2759.356689453125,823945216
2026-01-29 20:00:00+00:00,2798.021240234375,2803.15625,2784.671875,2792.222900390625,516196352
2026-01-29 21:00:00+00:00,2814.719482421875,2818.68896484375,2800.80908203125,2800.80908203125,1316872192
2026-01-29 22:00:00+00:00,2815.883544921875,2820.242919921875,2807.22119140625,2815.37646484375,259526656
2026-01-29 23:00:00+00:00,2818.411865234375,2822.618896484375,2808.97021484375,2815.498779296875,1179844608
2026-01-30 00:00:00+00:00,2802.775634765625,2823.904052734375,2799.533203125,2818.053466796875,148062208
2026-01-30 01:00:00+00:00,2744.84765625,2807.94677734375,2704.4130859375,2800.7421875,2637877248
2026-01-30 02:00:00+00:00,2728.7958984375,2743.001708984375,2702.10595703125,2743.001708984375,1729019904
2026-01-30 03:00:00+00:00,2737.64111328125,2742.114501953125,2730.936767578125,2731.931640625,426016768
2026-01-30 04:00:00+00:00,2751.895751953125,2768.8740234375,2734.323486328125,2736.59326171875,408182784
2026-01-30 05:00:00+00:00,2745.89208984375,2755.606689453125,2743.807861328125,2748.42333984375,460754944
2026-01-30 06:00:00+00:00,2714.876708984375,2743.7822265625,2695.627685546875,2743.7822265625,913969152
2026-01-30 07:00:00+00:00,2736.082763671875,2742.857421875,2714.677001953125,2714.677001953125,1227583488
2026-01-30 08:00:00+00:00,2732.056884765625,2743.337646484375,2719.77978515625,2736.228515625,0
2026-01-30 09:00:00+00:00,2717.204833984375,2737.236572265625,2707.2236328125,2732.25634765625,386199552
2026-01-30 10:00:00+00:00,2729.220703125,2731.5712890625,2708.462158203125,2717.6826171875,424050688
2026-01-30 11:00:00+00:00,2756.007568359375,2763.110595703125,2730.41357421875,2731.400634765625,0
2026-01-30 12:00:00+00:00,2735.04345703125,2760.70849609375,2733.99658203125,2757.02490234375,304881664
2026-01-30 13:00:00+00:00,2724.38330078125,2740.817138671875,2721.75,2735.743408203125,631263232
2026-01-30 14:00:00+00:00,2729.445068359375,2756.96435546875,2724.38134765625,2725.57568359375,1012502528
2026-01-30 15:00:00+00:00,2724.660400390625,2747.212158203125,2696.8671875,2730.69140625,0
2026-01-30 16:00:00+00:00,2720.476806640625,2735.962158203125,2707.082763671875,2725.697509765625,0
2026-01-30 17:00:00+00:00,2712.258544921875,2734.498046875,2703.464599609375,2721.44921875,0
2026-01-30 18:00:00+00:00,2734.614990234375,2735.0361328125,2639.2998046875,2709.7001953125,0
2026-01-30 19:00:00+00:00,2743.0947265625,2756.6669921875,2733.948974609375,2735.517333984375,63021056
2026-01-30 20:00:00+00:00,2672.138916015625,2739.88037109375,2663.46923828125,2739.88037109375,1601994752
2026-01-30 21:00:00+00:00,2704.89208984375,2707.658447265625,2676.815673828125,2679.0849609375,0
2026-01-30 22:00:00+00:00,2703.648193359375,2704.630126953125,2689.9072265625,2704.630126953125,82788352
2026-01-30 23:00:00+00:00,2701.561767578125,2705.2451171875,2691.062255859375,2705.15234375,0
2026-01-31 00:00:00+00:00,2702.658203125,2709.524169921875,2699.653564453125,2702.515869140625,0
2026-01-31 01:00:00+00:00,2695.086669921875,2708.994384765625,2695.086669921875,2702.62353515625,0
2026-01-31 02:00:00+00:00,2698.547607421875,2702.5078125,2681.65673828125,2695.18310546875,0
2026-01-31 03:00:00+00:00,2692.19775390625,2700.956298828125,2690.546630859375,2698.51806640625,0
2026-01-31 04:00:00+00:00,2690.214599609375,2699.6572265625,2688.979248046875,2691.64306640625,0
2026-01-31 05:00:00+00:00,2693.019287109375,2698.1708984375,2687.716552734375,2690.53857421875,0
2026-01-31 06:00:00+00:00,2688.026123046875,2695.188720703125,2681.066650390625,2692.944580078125,0
2026-01-31 07:00:00+00:00,2675.068115234375,2688.25341796875,2665.36767578125,2687.947021484375,0
2026-01-31 08:00:00+00:00,2639.846923828125,2677.44580078125,2615.446044921875,2674.76416015625,1856434176
2026-01-31 09:00:00+00:00,2646.629638671875,2653.005615234375,2631.1611328125,2639.814697265625,65331200
2026-01-31 10:00:00+00:00,2648.5966796875,2650.424072265625,2633.91650390625,2644.269775390625,0
2026-01-31 11:00:00+00:00,2636.244873046875,2647.626708984375,2631.2958984375,2647.626708984375,0
2026-01-31 12:00:00+00:00,2629.839111328125,2639.029541015625,2626.985595703125,2636.46826171875,0
2026-01-31 13:00:00+00:00,2623.721435546875,2632.0537109375,2615.4267578125,2628.695556640625,97306624
2026-01-31 14:00:00+00:00,2536.607666015625,2631.638916015625,2515.480712890625,2624.3291015625,3520393216
2026-01-31 15:00:00+00:00,2525.432861328125,2546.06396484375,2525.432861328125,2535.531005859375,0
2026-01-31 16:00:00+00:00,2477.49365234375,2540.080078125,2472.41259765625,2530.14990234375,1236901888
2026-01-31 17:00:00+00:00,2396.602294921875,2488.492431640625,2389.780517578125,2479.211181640625,5304274944
2026-01-31 18:00:00+00:00,2374.62353515625,2410.35302734375,2263.35888671875,2398.955322265625,2808377344
2026-01-31 19:00:00+00:00,2385.441162109375,2424.44384765625,2373.22509765625,2377.7529296875,1787617280
2026-01-31 20:00:00+00:00,2380.975830078125,2398.814208984375,2358.320556640625,2380.810546875,0
2026-01-31 21:00:00+00:00,2416.357666015625,2416.357666015625,2371.603515625,2380.537841796875,678072320
2026-01-31 22:00:00+00:00,2418.86767578125,2420.95068359375,2406.842041015625,2415.65087890625,48263168
2026-01-31 23:00:00+00:00,2445.369140625,2468.62451171875,2416.23583984375,2416.23583984375,1621012480
2026-02-01 00:00:00+00:00,2449.038818359375,2472.598388671875,2444.84521484375,2449.217041015625,841760768
2026-02-01 01:00:00+00:00,2441.927490234375,2452.169677734375,2429.290283203125,2449.489990234375,402534400
2026-02-01 02:00:00+00:00,2451.63671875,2455.92724609375,2438.19921875,2442.146240234375,389304320
2026-02-01 03:00:00+00:00,2442.426513671875,2453.3759765625,2437.168701171875,2451.199951171875,344363008
2026-02-01 04:00:00+00:00,2448.36328125,2450.837646484375,2439.50244140625,2443.02490234375,297525248
2026-02-01 05:00:00+00:00,2427.524169921875,2446.810302734375,2424.27392578125,2446.810302734375,610652160
2026-02-01 06:00:00+00:00,2416.227783203125,2436.305908203125,2410.282470703125,2427.98828125,624611328
2026-02-01 07:00:00+00:00,2409.04931640625,2429.375,2392.283203125,2416.022705078125,845574144
2026-02-01 08:00:00+00:00,2410.522705078125,2424.26220703125,2398.1923828125,2408.418212890625,0
2026-02-01 09:00:00+00:00,2434.265869140625,2434.265869140625,2406.334228515625,2410.438232421875,0
2026-02-01 10:00:00+00:00,2376.948974609375,2435.70947265625,2375.302001953125,2431.456787109375,0
2026-02-01 11:00:00+00:00,2410.064697265625,2420.088623046875,2378.961181640625,2378.961181640625,1331097600
2026-02-01 12:00:00+00:00,2396.14892578125,2409.62939453125,2384.865966796875,2409.62939453125,346210304
2026-02-01 13:00:00+00:00,2378.687255859375,2407.427490234375,2374.4501953125,2393.88671875,0
2026-02-01 14:00:00+00:00,2377.378662109375,2385.00390625,2331.6357421875,2375.109130859375,0
2026-02-01 15:00:00+00:00,2320.238037109375,2372.33642578125,2287.963623046875,2372.33642578125,1300213760
2026-02-01 16:00:00+00:00,2303.20947265625,2327.3671875,2288.06982421875,2313.127685546875,0
2026-02-01 17:00:00+00:00,2307.054931640625,2318.76171875,2297.6513671875,2303.7958984375,0
2026-02-01 18:00:00+00:00,2341.508544921875,2372.927001953125,2311.88720703125,2311.88720703125,0
2026-02-01 19:00:00+00:00,2314.083251953125,2349.099609375,2307.048095703125,2349.099609375,0
2026-02-01 20:00:00+00:00,2312.56640625,2340.817626953125,2298.3515625,2317.866943359375,939073536
2026-02-01 21:00:00+00:00,2284.408203125,2315.82421875,2283.392822265625,2313.968994140625,0
2026-02-01 22:00:00+00:00,2320.21142578125,2324.922607421875,2288.572021484375,2289.144287109375,518955008
2026-02-01 23:00:00+00:00,2272.57275390625,2316.194091796875,2225.599365234375,2316.194091796875,2328457216
2026-02-02 00:00:00+00:00,2291.189697265625,2318.9736328125,2245.606201171875,2267.340087890625,442662912
2026-02-02 01:00:00+00:00,2292.583740234375,2311.382080078125,2252.365234375,2291.60986328125,1058263040
2026-02-02 02:00:00+00:00,2260.210205078125,2295.58251953125,2260.210205078125,2289.967529296875,167301120
2026-02-02 03:00:00+00:00,2237.751220703125,2263.287841796875,2170.072509765625,2259.5048828125,3770265600
2026-02-02 04:00:00+00:00,2239.57275390625,2261.010986328125,2207.363037109375,2236.228759765625,2039209984
2026-02-02 05:00:00+00:00,2198.148681640625,2238.30224609375,2184.7490234375,2238.30224609375,1065418752
2026-02-02 06:00:00+00:00,2221.765869140625,2228.591552734375,2162.213134765625,2197.04052734375,2200657920
2026-02-02 07:00:00+00:00,2229.927734375,2244.172119140625,2217.911865234375,2222.0859375,457936896
2026-02-02 08:00:00+00:00,2252.47509765625,2254.87109375,2227.29833984375,2227.29833984375,1203433472
2026-02-02 09:00:00+00:00,2288.544677734375,2313.541259765625,2237.1982421875,2247.791259765625,1278853120
2026-02-02 10:00:00+00:00,2274.864501953125,2295.535888671875,2272.940185546875,2287.917236328125,359952384
2026-02-02 11:00:00+00:00,2278.506103515625,2294.576171875,2273.4189453125,2275.222412109375,643567616
2026-02-02 12:00:00+00:00,2311.324951171875,2313.658447265625,2281.918701171875,2281.918701171875,467726336
2026-02-02 13:00:00+00:00,2331.528564453125,2331.528564453125,2301.8994140625,2309.946044921875,431009792
2026-02-02 14:00:00+00:00,2331.45947265625,2362.86669921875,2298.65771484375,2327.9375,1528459264
2026-02-02 15:00:00+00:00,2370.031005859375,2390.296875,2321.958251953125,2326.589599609375,0
2026-02-02 16:00:00+00:00,2358.16259765625,2384.48388671875,2350.547607421875,2370.353515625,445403136
2026-02-02 17:00:00+00:00,2353.023193359375,2377.545654296875,2347.410400390625,2357.60107421875,0
2026-02-02 18:00:00+00:00,2344.072509765625,2355.333251953125,2333.83740234375,2355.109130859375,0
2026-02-02 19:00:00+00:00,2336.821044921875,2346.9580078125,2328.5986328125,2343.500732421875,0
2026-02-02 20:00:00+00:00,2318.9287109375,2337.146240234375,2312.770263671875,2330.8671875,0
2026-02-02 21:00:00+00:00,2339.275634765625,2341.606201171875,2319.251708984375,2319.251708984375,0
2026-02-02 22:00:00+00:00,2347.579345703125,2351.3427734375,2335.765869140625,2339.728271484375,0
2026-02-02 23:00:00+00:00,2344.30224609375,2352.507080078125,2338.798583984375,2349.181884765625,0
2026-02-03 00:00:00+00:00,2351.0283203125,2351.0283203125,2324.60009765625,2344.615234375,0
2026-02-03 01:00:00+00:00,2351.576416015625,2356.781494140625,2337.62158203125,2352.181884765625,0
2026-02-03 02:00:00+00:00,2297.692138671875,2352.174560546875,2297.692138671875,2352.174560546875,0
2026-02-03 03:00:00+00:00,2341.289306640625,2341.289306640625,2285.41796875,2296.74609375,0
2026-02-03 04:00:00+00:00,2343.185302734375,2351.616943359375,2331.828125,2341.42236328125,146014208
2026-02-03 05:00:00+00:00,2314.730224609375,2343.48583984375,2314.730224609375,2343.48583984375,0
2026-02-03 06:00:00+00:00,2320.02685546875,2323.224365234375,2299.25341796875,2314.2275390625,0
2026-02-03 07:00:00+00:00,2320.824951171875,2330.089599609375,2312.925537109375,2319.447265625,0
2026-02-03 08:00:00+00:00,2314.1015625,2328.27880859375,2309.113037109375,2320.2890625,0
2026-02-03 09:00:00+00:00,2290.041015625,2315.390869140625,2272.49755859375,2314.108642578125,0
2026-02-03 10:00:00+00:00,2279.587646484375,2296.07666015625,2275.84033203125,2290.498291015625,0
2026-02-03 11:00:00+00:00,2275.25048828125,2284.553955078125,2269.692138671875,2279.989501953125,0
2026-02-03 12:00:00+00:00,2301.085693359375,2302.94873046875,2271.891845703125,2274.267578125,0
2026-02-03 13:00:00+00:00,2312.074462890625,2312.074462890625,2295.54052734375,2299.5068359375,0
2026-02-03 14:00:00+00:00,2257.37060546875,2313.888916015625,2257.37060546875,2309.601318359375,0
2026-02-03 15:00:00+00:00,2303.793701171875,2304.2880859375,2252.73046875,2255.861572265625,0
2026-02-03 16:00:00+00:00,2243.611083984375,2301.6767578125,2237.473388671875,2301.6767578125,1739431936
2026-02-03 17:00:00+00:00,2198.969970703125,2240.812255859375,2198.969970703125,2240.327880859375,1527779328
2026-02-03 18:00:00+00:00,2122.767333984375,2201.943359375,2110.294189453125,2201.943359375,4131375104
2026-02-03 19:00:00+00:00,2207.01611328125,2209.777099609375,2114.710693359375,2120.018310546875,2652647424
2026-02-03 20:00:00+00:00,2290.723388671875,2305.771728515625,2187.22607421875,2204.081787109375,3754057728
2026-02-03 21:00:00+00:00,2281.973388671875,2331.642578125,2280.03369140625,2297.20556640625,1828413440
2026-02-03 22:00:00+00:00,2232.2294921875,2281.131103515625,2228.75634765625,2281.131103515625,941842432
2026-02-03 23:00:00+00:00,2226.83349609375,2244.19384765625,2214.032958984375,2233.497314453125,352534528
2026-02-04 00:00:00+00:00,2237.656005859375,2252.40283203125,2223.07373046875,2228.46630859375,609697792
2026-02-04 01:00:00+00:00,2265.115234375,2276.955810546875,2237.663818359375,2237.663818359375,357089280
2026-02-04 02:00:00+00:00,2249.512939453125,2271.96142578125,2242.286376953125,2265.61474609375,0
2026-02-04 03:00:00+00:00,2280.9033203125,2291.13134765625,2248.143798828125,2248.79736328125,160669696
2026-02-04 04:00:00+00:00,2270.365478515625,2286.1142578125,2269.3291015625,2280.414794921875,0
2026-02-04 05:00:00+00:00,2260.62548828125,2276.5791015625,2254.686767578125,2270.814453125,0
2026-02-04 06:00:00+00:00,2273.896728515625,2278.986083984375,2258.104736328125,2262.070068359375,0
2026-02-04 07:00:00+00:00,2279.25341796875,2287.268798828125,2262.62451171875,2274.010498046875,69656576
2026-02-04 08:00:00+00:00,2275.671875,2281.689697265625,2265.171142578125,2280.50927734375,0
2026-02-04 09:00:00+00:00,2258.02001953125,2276.796875,2250.583984375,2276.796875,0
2026-02-04 10:00:00+00:00,2258.0888671875,2260.45654296875,2248.593994140625,2257.185546875,0
2026-02-04 11:00:00+00:00,2254.01220703125,2262.71484375,2226.084716796875,2256.830322265625,1069498368
2026-02-04 12:00:00+00:00,2241.80517578125,2258.70703125,2231.65966796875,2253.403076171875,0
2026-02-04 13:00:00+00:00,2195.940185546875,2241.377685546875,2195.895263671875,2241.002685546875,1231945728
2026-02-04 14:00:00+00:00,2169.734375,2214.2607421875,2169.734375,2195.27490234375,954871808
2026-02-04 15:00:00+00:00,2151.681396484375,2185.759033203125,2137.184326171875,2168.81396484375,1521098752
2026-02-04 16:00:00+00:00,2132.611572265625,2151.5732421875,2106.1376953125,2149.0078125,91312128
2026-02-04 17:00:00+00:00,2122.892333984375,2148.71533203125,2097.6474609375,2131.29443359375,881967104
2026-02-04 18:00:00+00:00,2148.32958984375,2168.82421875,2074.491455078125,2121.353515625,0
2026-02-04 19:00:00+00:00,2183.359619140625,2183.783447265625,2130.1044921875,2142.76123046875,0
2026-02-04 20:00:00+00:00,2167.014892578125,2183.682861328125,2158.840087890625,2183.682861328125,0
2026-02-04 21:00:00+00:00,2124.5546875,2172.178466796875,2105.76611328125,2166.84814453125,0
2026-02-04 22:00:00+00:00,2115.184326171875,2161.858154296875,2086.8896484375,2124.9736328125,321822720
2026-02-04 23:00:00+00:00,2144.047607421875,2159.254150390625,2112.012451171875,2116.65771484375,0
2026-02-05 00:00:00+00:00,2144.885986328125,2157.550537109375,2132.560791015625,2143.185302734375,0
2026-02-05 01:00:00+00:00,2145.7236328125,2164.244873046875,2121.850341796875,2145.560302734375,390230016
2026-02-05 02:00:00+00:00,2126.613037109375,2157.43505859375,2114.525146484375,2143.270263671875,767938560
2026-02-05 03:00:00+00:00,2104.270263671875,2129.654541015625,2099.601318359375,2119.50537109375,979587072
2026-02-05 04:00:00+00:00,2098.530029296875,2119.638671875,2085.17578125,2105.91259765625,1739677696
2026-02-05 05:00:00+00:00,2097.16845703125,2115.064208984375,2075.583251953125,2099.759033203125,1301995520
2026-02-05 06:00:00+00:00,2082.931396484375,2100.951171875,2071.10888671875,2096.9384765625,1109909504
2026-02-05 07:00:00+00:00,2085.529296875,2118.344482421875,2083.005859375,2083.005859375,478150656
2026-02-05 08:00:00+00:00,2111.958740234375,2115.98193359375,2086.41455078125,2086.41455078125,1224810496
2026-02-05 09:00:00+00:00,2129.334716796875,2142.76171875,2107.756591796875,2107.756591796875,1045241856
2026-02-05 10:00:00+00:00,2091.323974609375,2135.250732421875,2087.972900390625,2129.595947265625,0
2026-02-05 11:00:00+00:00,2075.181396484375,2100.35009765625,2063.676513671875,2093.613525390625,413556736
2026-02-05 12:00:00+00:00,2060.290771484375,2086.932373046875,2045.15185546875,2075.918212890625,1784856576
2026-02-05 13:00:00+00:00,2052.367919921875,2069.7587890625,2048.4384765625,2059.56494140625,0
2026-02-05 14:00:00+00:00,2045.100830078125,2096.009521484375,2045.100830078125,2054.669189453125,0
2026-02-05 15:00:00+00:00,1956.20703125,2044.650634765625,1927.3572998046875,2044.650634765625,1303408640
2026-02-05 16:00:00+00:00,1993.453369140625,2008.1112060546875,1942.4422607421875,1958.8409423828125,0
2026-02-05 17:00:00+00:00,1951.523681640625,1994.83154296875,1944.498046875,1994.83154296875,602189824
2026-02-05 18:00:00+00:00,1947.092041015625,1961.0750732421875,1915.255859375,1950.9522705078125,0
2026-02-05 19:00:00+00:00,1922.7735595703125,1946.45263671875,1915.4996337890625,1946.45263671875,835989504
2026-02-05 20:00:00+00:00,1865.9344482421875,1935.6639404296875,1830.1025390625,1924.1485595703125,3704819712
2026-02-05 21:00:00+00:00,1844.1363525390625,1900.80029296875,1837.3076171875,1865.1068115234375,2662092800
2026-02-05 22:00:00+00:00,1872.75048828125,1876.448974609375,1818.664306640625,1846.9990234375,1071988736
2026-02-05 23:00:00+00:00,1822.1182861328125,1899.8944091796875,1819.3984375,1867.2333984375,0
2026-02-06 00:00:00+00:00,1872.6134033203125,1887.5518798828125,1748.627685546875,1823.2030029296875,7675789312
2026-02-06 01:00:00+00:00,1926.0128173828125,1936.7342529296875,1869.2325439453125,1869.2325439453125,3441176576
2026-02-06 02:00:00+00:00,1901.3408203125,1939.859619140625,1893.343994140625,1928.14208984375,747405312
2026-02-06 03:00:00+00:00,1888.9052734375,1911.431884765625,1879.146728515625,1905.4686279296875,0
2026-02-06 04:00:00+00:00,1906.1383056640625,1915.222900390625,1888.026611328125,1890.0206298828125,0
2026-02-06 05:00:00+00:00,1957.825927734375,1971.097412109375,1905.943115234375,1906.98095703125,0
2026-02-06 06:00:00+00:00,1914.3822021484375,1964.2257080078125,1911.7099609375,1956.5653076171875,390946816
2026-02-06 07:00:00+00:00,1897.2008056640625,1911.99072265625,1886.631103515625,1905.91796875,2491703296
2026-02-06 08:00:00+00:00,1871.3460693359375,1902.9200439453125,1866.9998779296875,1896.8526611328125,1336000512
2026-02-06 09:00:00+00:00,1917.423828125,1925.650634765625,1871.217041015625,1872.429931640625,1963900928
2026-02-06 10:00:00+00:00,1924.09228515625,1929.5518798828125,1908.609130859375,1916.7757568359375,1625923584
2026-02-06 11:00:00+00:00,1930.1917724609375,1933.7215576171875,1918.2545166015625,1924.401611328125,0
2026-02-06 12:00:00+00:00,1920.4693603515625,1930.2158203125,1914.5103759765625,1930.2158203125,0
2026-02-06 13:00:00+00:00,1949.5361328125,1956.670654296875,1918.8416748046875,1920.38720703125,0
2026-02-06 14:00:00+00:00,1978.7860107421875,1999.0474853515625,1932.761474609375,1947.8531494140625,661741568
2026-02-06 15:00:00+00:00,1982.0,1996.22998046875,1962.311279296875,1975.4554443359375,0
2026-02-06 16:00:00+00:00,2031.25634765625,2044.5799560546875,1974.884033203125,1980.4561767578125,0
2026-02-06 17:00:00+00:00,2068.46728515625,2088.871826171875,2030.4383544921875,2035.6942138671875,4383793152
2026-02-06 18:00:00+00:00,2042.9420166015625,2068.23681640625,2032.5091552734375,2068.23681640625,0
2026-02-06 19:00:00+00:00,2064.68994140625,2068.220947265625,2033.5128173828125,2043.303955078125,568074240
2026-02-06 20:00:00+00:00,2054.65673828125,2090.328125,2045.814453125,2064.630859375,0
2026-02-06 21:00:00+00:00,2053.3916015625,2059.176025390625,2043.630859375,2054.114501953125,0
2026-02-06 22:00:00+00:00,2072.3095703125,2082.164306640625,2047.6268310546875,2052.2802734375,0
2026-02-06 23:00:00+00:00,2062.4072265625,2085.159423828125,2053.194580078125,2073.4599609375,0
2026-02-07 00:00:00+00:00,2041.7049560546875,2062.044189453125,2037.746337890625,2062.044189453125,0
2026-02-07 01:00:00+00:00,2064.12060546875,2064.12060546875,2032.5072021484375,2041.75634765625,0
2026-02-07 02:00:00+00:00,2056.79052734375,2062.507080078125,2048.4091796875,2062.507080078125,0
2026-02-07 03:00:00+00:00,2080.3984375,2080.625732421875,2057.639892578125,2058.705078125,0
2026-02-07 04:00:00+00:00,2086.310546875,2114.558837890625,2079.60302734375,2079.897705078125,282218496
2026-02-07 05:00:00+00:00,2081.380859375,2101.94970703125,2078.010009765625,2086.72216796875,0
2026-02-07 06:00:00+00:00,2052.15625,2090.387451171875,2052.15625,2082.09326171875,0
2026-02-07 07:00:00+00:00,2027.431396484375,2052.1708984375,1996.2757568359375,2046.7889404296875,101199872
2026-02-07 08:00:00+00:00,2021.8876953125,2029.86279296875,2015.60986328125,2026.9462890625,0
2026-02-07 09:00:00+00:00,2011.3089599609375,2027.53955078125,2004.455078125,2021.2701416015625,0
2026-02-07 10:00:00+00:00,2010.3944091796875,2016.9627685546875,1999.19921875,2012.4952392578125,0
2026-02-07 11:00:00+00:00,2018.6556396484375,2018.6556396484375,2007.0269775390625,2009.906982421875,0
2026-02-07 12:00:00+00:00,2039.6904296875,2069.377197265625,2017.3585205078125,2017.3585205078125,535465984
2026-02-07 13:00:00+00:00,2036.68603515625,2046.54541015625,2027.547607421875,2043.6715087890625,0
2026-02-07 14:00:00+00:00,2019.3265380859375,2046.34814453125,2011.58740234375,2038.2236328125,0
2026-02-07 15:00:00+00:00,2050.132080078125,2057.554443359375,2017.156005859375,2018.369873046875,0
2026-02-07 16:00:00+00:00,2049.714599609375,2084.19970703125,2039.8604736328125,2050.621337890625,7650553856
2026-02-07 17:00:00+00:00,2059.615966796875,2070.10302734375,2034.4154052734375,2050.010986328125,0
2026-02-07 18:00:00+00:00,2095.849365234375,2105.754150390625,2059.569091796875,2059.569091796875,0
2026-02-07 19:00:00+00:00,2088.836181640625,2098.51806640625,2084.16259765625,2095.53173828125,0
2026-02-07 20:00:00+00:00,2103.661865234375,2108.96435546875,2084.596435546875,2090.254638671875,0
2026-02-07 21:00:00+00:00,2099.740478515625,2108.201416015625,2097.301513671875,2103.727294921875,0
2026-02-07 22:00:00+00:00,2090.851806640625,2105.440185546875,2087.462890625,2099.852294921875,0
2026-02-07 23:00:00+00:00,2090.267822265625,2093.5927734375,2072.73046875,2089.097900390625,0
2026-02-08 00:00:00+00:00,2079.294921875,2092.10546875,2076.084228515625,2089.215576171875,0
2026-02-08 01:00:00+00:00,2093.784912109375,2095.708984375,2081.762451171875,2082.76953125,0
2026-02-08 02:00:00+00:00,2085.646728515625,2105.39208984375,2081.945068359375,2094.80615234375,0
2026-02-08 03:00:00+00:00,2077.12939453125,2091.129638671875,2076.53076171875,2087.503662109375,0
2026-02-08 04:00:00+00:00,2081.365478515625,2081.365478515625,2066.697021484375,2077.449462890625,0
2026-02-08 05:00:00+00:00,2083.783935546875,2086.291259765625,2078.748291015625,2086.291259765625,180158464
2026-02-08 06:00:00+00:00,2076.865478515625,2086.47705078125,2076.138916015625,2083.39404296875,0
2026-02-08 07:00:00+00:00,2082.035888671875,2082.035888671875,2069.331298828125,2077.781494140625,0
2026-02-08 08:00:00+00:00,2115.045166015625,2118.64208984375,2077.31005859375,2082.35888671875,0
2026-02-08 09:00:00+00:00,2100.2919921875,2116.0498046875,2095.736083984375,2113.49072265625,0
2026-02-08 10:00:00+00:00,2094.83642578125,2110.7119140625,2084.482421875,2101.130859375,0
2026-02-08 11:00:00+00:00,2128.774658203125,2132.03466796875,2093.807861328125,2094.1982421875,336343040
2026-02-08 12:00:00+00:00,2125.33251953125,2140.518798828125,2125.016357421875,2130.663330078125,0
2026-02-08 13:00:00+00:00,2123.792236328125,2138.0712890625,2119.374267578125,2130.641357421875,0
2026-02-08 14:00:00+00:00,2123.052490234375,2127.6904296875,2115.853271484375,2124.669921875,0
2026-02-08 15:00:00+00:00,2107.47705078125,2128.6552734375,2099.62548828125,2124.662841796875,0
2026-02-08 16:00:00+00:00,2077.390380859375,2113.927001953125,2076.74560546875,2107.19873046875,0
2026-02-08 17:00:00+00:00,2090.82373046875,2093.77294921875,2079.338623046875,2079.338623046875,0
2026-02-08 18:00:00+00:00,2110.472412109375,2118.912841796875,2090.692626953125,2090.749755859375,0
2026-02-08 19:00:00+00:00,2125.472900390625,2126.741943359375,2107.07568359375,2108.75,0
2026-02-08 20:00:00+00:00,2102.75048828125,2125.399658203125,2101.90576171875,2125.399658203125,0
2026-02-08 21:00:00+00:00,2095.098876953125,2112.6474609375,2090.227783203125,2102.308837890625,0
2026-02-08 22:00:00+00:00,2109.156494140625,2109.156494140625,2093.878173828125,2095.324462890625,0
2026-02-08 23:00:00+00:00,2090.884033203125,2142.12353515625,2073.86767578125,2107.204345703125,1129132032
2026-02-09 00:00:00+00:00,2083.68896484375,2095.54638671875,2077.484375,2088.947021484375,385765376
2026-02-09 01:00:00+00:00,2069.771240234375,2098.435791015625,2055.8359375,2083.64404296875,613640192
2026-02-09 02:00:00+00:00,2080.46435546875,2092.11962890625,2065.537109375,2069.5263671875,231591936
2026-02-09 03:00:00+00:00,2096.18896484375,2100.103271484375,2079.374267578125,2079.374267578125,306696192
2026-02-09 04:00:00+00:00,2090.797119140625,2098.796875,2085.96875,2098.796875,0
2026-02-09 05:00:00+00:00,2093.320556640625,2093.943115234375,2082.82763671875,2089.173095703125,0
2026-02-09 06:00:00+00:00,2080.763427734375,2093.809814453125,2072.84814453125,2093.809814453125,522864640
2026-02-09 07:00:00+00:00,2066.037109375,2084.454833984375,2065.034912109375,2079.93701171875,35188736
2026-02-09 08:00:00+00:00,2050.93017578125,2067.84521484375,2035.304443359375,2064.260986328125,27625472
2026-02-09 09:00:00+00:00,2037.2779541015625,2054.593505859375,2034.0167236328125,2049.839599609375,97755136
2026-02-09 10:00:00+00:00,2020.6605224609375,2044.6640625,2013.659912109375,2038.982421875,377667584
2026-02-09 11:00:00+00:00,2024.1920166015625,2033.7098388671875,2019.52685546875,2020.623046875,0
2026-02-09 12:00:00+00:00,2033.292236328125,2036.429443359375,2024.9139404296875,2024.9139404296875,0
2026-02-09 13:00:00+00:00,2023.8507080078125,2047.44873046875,2023.8507080078125,2033.8656005859375,0
2026-02-09 14:00:00+00:00,2041.91796875,2044.324462890625,2010.770751953125,2021.5120849609375,1868937216
2026-02-09 15:00:00+00:00,2060.60498046875,2070.3505859375,2033.150634765625,2042.734375,788328448
2026-02-09 16:00:00+00:00,2091.093505859375,2104.12939453125,2047.8543701171875,2061.105712890625,980133888
2026-02-09 17:00:00+00:00,2125.96533203125,2130.5732421875,2077.56591796875,2089.88232421875,890540032
2026-02-09 18:00:00+00:00,2126.43310546875,2138.700927734375,2109.84814453125,2126.249267578125,1016999936
2026-02-09 19:00:00+00:00,2128.853515625,2134.665283203125,2119.798095703125,2128.371826171875,0
2026-02-09 20:00:00+00:00,2126.1728515625,2144.97607421875,2118.647705078125,2129.69384765625,1260500992
2026-02-09 21:00:00+00:00,2121.907470703125,2126.66845703125,2089.817626953125,2125.273193359375,125810688
2026-02-09 22:00:00+00:00,2111.43359375,2122.688720703125,2110.8740234375,2122.3056640625,680978432
2026-02-09 23:00:00+00:00,2102.72705078125,2119.8369140625,2101.276611328125,2113.974853515625,0
2026-02-10 00:00:00+00:00,2099.21923828125,2110.594970703125,2095.552734375,2103.66162109375,0
2026-02-10 01:00:00+00:00,2115.359130859375,2121.76220703125,2095.65380859375,2098.164794921875,0
2026-02-10 02:00:00+00:00,2105.737060546875,2119.10791015625,2102.72998046875,2115.31494140625,0
2026-02-10 03:00:00+00:00,2063.0068359375,2108.92431640625,2055.09033203125,2106.7216796875,716072960
2026-02-10 04:00:00+00:00,2069.312744140625,2072.712158203125,2062.51025390625,2063.41259765625,0
2026-02-10 05:00:00+00:00,2052.68310546875,2070.16455078125,2044.8138427734375,2069.184814453125,275998720
2026-02-10 06:00:00+00:00,2005.9248046875,2055.7490234375,1998.7525634765625,2052.00732421875,2240108544
2026-02-10 07:00:00+00:00,2007.281494140625,2015.615234375,2000.4798583984375,2007.072509765625,913860608
2026-02-10 08:00:00+00:00,2013.13330078125,2014.8814697265625,1995.64697265625,2006.212890625,236670976
2026-02-10 09:00:00+00:00,2014.26953125,2027.7059326171875,2011.74267578125,2013.1123046875,468285440
2026-02-10 10:00:00+00:00,2013.896240234375,2019.735107421875,2008.8367919921875,2014.6552734375,0
2026-02-10 11:00:00+00:00,2000.4228515625,2020.4295654296875,2000.4228515625,2012.6329345703125,0
2026-02-10 12:00:00+00:00,2007.48193359375,2015.261474609375,2001.367919921875,2001.367919921875,232747008
2026-02-10 13:00:00+00:00,2020.2479248046875,2025.166748046875,2005.669677734375,2006.6845703125,8138752
2026-02-10 14:00:00+00:00,2010.3173828125,2035.5391845703125,1993.2955322265625,2021.1060791015625,0
2026-02-10 15:00:00+00:00,2022.073974609375,2027.3089599609375,2005.154052734375,2005.154052734375,0
2026-02-10 16:00:00+00:00,2025.94580078125,2034.233642578125,2013.5987548828125,2021.6650390625,0
2026-02-10 17:00:00+00:00,2035.6148681640625,2044.5965576171875,2020.1505126953125,2025.81201171875,0
2026-02-10 18:00:00+00:00,2011.2469482421875,2039.0263671875,1997.03759765625,2039.0263671875,0
2026-02-10 19:00:00+00:00,2015.430419921875,2022.286376953125,2004.6219482421875,2008.40576171875,0
2026-02-10 20:00:00+00:00,2012.8240966796875,2018.4041748046875,2004.5419921875,2016.9112548828125,0
2026-02-10 21:00:00+00:00,2006.468505859375,2016.2841796875,1997.2177734375,2010.969482421875,0
2026-02-10 22:00:00+00:00,2016.0819091796875,2018.18603515625,2006.625,2006.6297607421875,0
2026-02-10 23:00:00+00:00,2018.546142578125,2020.16552734375,2012.0916748046875,2016.2196044921875,0
2026-02-11 00:00:00+00:00,2025.7398681640625,2028.3182373046875,2019.160888671875,2020.357177734375,151574528
2026-02-11 01:00:00+00:00,2023.046875,2029.0531005859375,2016.29638671875,2025.1376953125,169142272
2026-02-11 02:00:00+00:00,2016.7510986328125,2029.49267578125,2014.1710205078125,2024.084716796875,0
2026-02-11 03:00:00+00:00,2008.5963134765625,2018.648193359375,1999.1561279296875,2016.4644775390625,0
2026-02-11 04:00:00+00:00,1970.3037109375,2008.9281005859375,1965.1240234375,2008.0057373046875,631281664
2026-02-11 05:00:00+00:00,1973.644287109375,1978.7447509765625,1970.4644775390625,1970.4644775390625,0
2026-02-11 06:00:00+00:00,1947.7227783203125,1975.56591796875,1944.592529296875,1974.8402099609375,0
2026-02-11 07:00:00+00:00,1951.134521484375,1956.650634765625,1945.6270751953125,1948.7425537109375,0
2026-02-11 08:00:00+00:00,1948.866943359375,1950.546142578125,1939.2081298828125,1949.888427734375,0
2026-02-11 09:00:00+00:00,1945.2454833984375,1952.239013671875,1943.1617431640625,1949.4818115234375,0
2026-02-11 10:00:00+00:00,1937.39501953125,1944.4085693359375,1932.8016357421875,1944.3956298828125,0
2026-02-11 11:00:00+00:00,1952.75830078125,1954.385009765625,1939.794189453125,1939.794189453125,115765248
2026-02-11 12:00:00+00:00,1951.2242431640625,1964.8189697265625,1949.3436279296875,1952.582275390625,154486784
2026-02-11 13:00:00+00:00,1962.849853515625,1963.16357421875,1942.9722900390625,1950.9852294921875,321359872
2026-02-11 14:00:00+00:00,1939.838623046875,2003.268798828125,1939.838623046875,1961.0662841796875,974598144
2026-02-11 15:00:00+00:00,1930.6951904296875,1942.0516357421875,1903.6851806640625,1942.0516357421875,1242546176
2026-02-11 16:00:00+00:00,1915.43994140625,1953.493408203125,1912.7113037109375,1928.3179931640625,244367360
2026-02-11 17:00:00+00:00,1931.4757080078125,1939.2957763671875,1910.133544921875,1914.673095703125,904579072
2026-02-11 18:00:00+00:00,1942.6259765625,1945.77734375,1916.02490234375,1929.45556640625,0
2026-02-11 19:00:00+00:00,1951.6099853515625,1955.9224853515625,1938.662353515625,1942.3055419921875,500166656
2026-02-11 20:00:00+00:00,1956.4346923828125,1956.6466064453125,1940.2216796875,1951.361328125,187254784
2026-02-11 21:00:00+00:00,1970.26220703125,1983.8372802734375,1950.9532470703125,1953.718994140625,1023096832
2026-02-11 22:00:00+00:00,1951.677490234375,1970.965576171875,1948.9285888671875,1970.06298828125,0
2026-02-11 23:00:00+00:00,1940.8863525390625,1954.2291259765625,1933.291015625,1948.036865234375,0
2026-02-12 00:00:00+00:00,1960.1444091796875,1960.953857421875,1941.0098876953125,1941.0098876953125,676644864
2026-02-12 01:00:00+00:00,1965.6427001953125,1975.25341796875,1959.388916015625,1959.388916015625,125270016
2026-02-12 02:00:00+00:00,1957.9884033203125,1967.36669921875,1957.2080078125,1965.1741943359375,0
2026-02-12 03:00:00+00:00,1967.1075439453125,1967.1075439453125,1957.02783203125,1957.285888671875,583090176
2026-02-12 04:00:00+00:00,1964.963134765625,1973.069580078125,1959.9647216796875,1967.5821533203125,0
2026-02-12 05:00:00+00:00,1967.821533203125,1969.34521484375,1953.0938720703125,1964.8968505859375,1296058368
2026-02-12 06:00:00+00:00,1969.8309326171875,1979.804931640625,1965.4912109375,1968.2921142578125,1454217216
2026-02-12 07:00:00+00:00,1970.508544921875,1975.951171875,1965.2149658203125,1970.0589599609375,469342208
